shift_down,T_down,T_up,shift_up,h_down,h_up,a_down,a_up,n_down,n_up,k_down,k_up,s_down,s_up, _down, _up,4_down,4_up, _down, _up,f_down,f_up,i_down,i_up,s_down,s_up,h_down,h_up
0,188,344,281,328,438,1000,1094,1266,1360,1891,1969,2016,2125,2328,2485,2516,2594,2750,2860,2906,2969,3141,3250,3328,3422,3422,3547
0,203,344,313,375,500,641,781,1156,1281,1453,1547,1594,1672,2078,2219,2235,2328,2453,2563,2625,2703,2844,2922,2985,3078,3094,3172
0,219,328,313,360,469,547,641,625,719,813,907,1000,1078,1297,1407,1516,1610,1703,1797,1953,2032,2141,2219,2282,2360,2391,2453
0,235,344,360,360,438,532,641,610,704,797,875,1032,1125,1547,1657,1719,1797,1922,2032,2079,2141,2297,2375,2407,2500,2547,2610
0,203,344,297,313,391,610,735,750,828,1375,1438,1469,1563,1703,1844,1938,2000,2110,2219,2360,2438,2578,2657,2719,2797,2828,2891
0,172,281,250,266,328,1281,1360,1360,1438,1563,1672,1766,1844,2063,2172,2313,2391,2469,2563,2688,2750,2906,2985,3063,3141,3188,3250
0,172,265,218,297,359,484,578,609,672,828,890,937,1015,1234,1359,1953,2047,3156,3281,3422,3484,3578,3656,3718,3797,3812,3875
0,187,343,281,312,406,859,937,968,1062,1203,1281,1312,1406,1687,1812,1937,2047,2125,2218,2359,2437,2547,2625,2672,2765,2812,2890
0,203,328,281,297,390,484,578,562,640,750,844,953,1031,1437,1547,1656,1734,1797,1922,2047,2125,2219,2328,2344,2437,2500,2562
0,219,312,265,328,390,515,625,609,687,828,906,984,1062,1594,1703,1890,1969,2094,2187,2250,2328,2422,2484,2515,2578,2656,2719
0,187,312,281,297,375,453,547,562,656,1156,1250,1265,1359,1469,1578,1672,1734,1859,1969,2140,2219,2344,2406,2515,2594,2640,2703
0,172,297,250,281,344,547,656,641,719,859,938,1031,1109,1500,1625,1875,1953,2063,2141,2406,2469,2594,2656,2672,2766,2844,2922
0,188,328,266,375,438,531,625,625,703,985,1078,1219,1297,1688,1797,2188,2266,2438,2547,2891,2969,3078,3141,3172,3266,3328,3391
0,188,297,250,328,406,485,563,594,672,1219,1313,1360,1438,1735,1860,2203,2281,2406,2516,2578,2641,2781,2844,2860,2938,3047,3110
0,156,297,250,281,359,422,547,531,625,1484,1563,1594,1672,1766,1859,2203,2266,2375,2484,2594,2672,2781,2844,2875,2969,3031,3094
0,203,343,265,328,422,484,562,593,672,906,1000,1078,1156,1875,2000,2000,2093,2297,2406,2500,2578,2734,2828,2890,2968,2984,3047
0,172,297,250,281,375,500,578,594,687,844,937,1000,1078,1875,1984,2062,2125,2234,2344,2375,2437,2562,2625,2672,2750,2828,2890
0,219,344,250,297,359,562,656,625,750,906,1000,1047,1125,1641,1750,1812,1891,2016,2125,2141,2219,2312,2375,2406,2500,2562,2625
0,188,328,250,281,375,469,563,578,641,766,859,922,984,1625,1734,1813,1906,2094,2219,2250,2328,2422,2484,2500,2594,2656,2734
0,188,313,282,297,375,579,672,657,766,1313,1407,1407,1516,1735,1844,2172,2235,2360,2469,2625,2704,2829,2891,2922,3000,3063,3141
0,140,312,234,296,375,734,828,875,968,1468,1546,1578,1656,1828,1937,2031,2093,2421,2515,2718,2812,2875,2937,3000,3078,3125,3203
0,172,297,282,329,391,485,579,1313,1391,1485,1610,1625,1719,1860,1969,2063,2141,2454,2563,2594,2672,2860,2922,2954,3047,3094,3172
0,188,328,266,313,391,516,641,656,735,1235,1313,1344,1438,1750,1891,1953,2047,2172,2297,2641,2688,2844,2922,2938,3000,3078,3141
0,187,312,250,265,359,515,609,578,671,843,937,1000,1046,1390,1531,1921,2015,2125,2250,2312,2406,2546,2593,2625,2718,2796,2875
0,188,313,266,328,391,531,625,594,703,1188,1266,1297,1391,1516,1641,1875,1953,2078,2188,2735,2797,2922,3000,3031,3110,3203,3281
0,204,329,250,313,375,485,563,579,657,735,813,860,938,1266,1391,1829,1907,2063,2172,2375,2407,2516,2579,2657,2735,2797,2875
0,172,297,250,297,375,484,578,562,656,750,812,953,1031,1312,1422,1531,1625,2031,2140,2156,2234,2328,2390,2422,2500,2594,2656
0,187,312,234,328,421,531,625,640,734,953,1031,1062,1140,1578,1718,1843,1937,2078,2187,2203,2250,2406,2515,2562,2640,2671,2750
0,125,297,203,234,328,531,640,1125,1203,1297,1390,1437,1515,1609,1719,1781,1875,1984,2109,2125,2203,2312,2390,2453,2562,2547,2625
0,156,313,250,313,391,500,609,547,641,766,891,938,1031,1328,1453,1594,1688,1797,1922,1938,2031,2141,2219,2297,2391,2406,2469
0,203,359,281,328,422,1313,1391,1438,1531,1734,1797,1922,2016,2219,2344,2359,2438,2563,2672,2688,2750,2859,2953,2984,3078,3109,3188
0,172,297,234,563,641,703,813,828,938,1344,1438,1484,1609,1859,1984,2109,2172,2266,2406,2484,2578,2641,2734,2797,2875,2891,2984
0,156,296,203,312,390,468,578,546,640,781,890,921,1031,1281,1390,1593,1671,1781,1906,1937,2015,2140,2218,2234,2343,2390,2468
0,187,328,203,328,406,890,984,1000,1078,1219,1312,1344,1437,2047,2172,2375,2469,2562,2672,2687,2765,2922,3000,3062,3156,3156,3250
0,235,375,313,375,453,532,641,625,703,1032,1110,1235,1344,1610,1735,1766,1860,1985,2078,2094,2157,2235,2313,2360,2453,2516,2578
0,219,344,266,391,500,703,797,844,922,1547,1625,1656,1750,1906,2016,2078,2172,2297,2391,2438,2516,2719,2797,2859,2938,2984,3063
0,172,297,250,344,438,610,703,766,844,1907,1969,2000,2094,2266,2391,2610,2688,2875,2985,3078,3157,3282,3360,3453,3532,3563,3641
0,188,313,250,406,484,594,703,750,828,1234,1297,1344,1438,1953,2078,2109,2203,2328,2422,2422,2484,2609,2688,2922,3016,3000,3094
0,344,500,469,547,610,907,1016,1078,1157,1672,1750,1797,1875,2250,2360,2422,2500,2610,2703,2719,2782,2922,3016,3063,3157,3188,3282
0,234,359,281,390,468,531,640,656,734,937,1015,1140,1187,1750,1859,2109,2218,2328,2422,2484,2562,2734,2812,2859,2937,3015,3093
0,219,344,281,391,453,547,656,641,719,938,1016,1094,1188,1406,1547,1656,1750,2047,2156,2219,2297,2391,2469,2516,2609,2688,2750
0,218,328,281,359,421,484,625,625,687,843,921,984,1078,1281,1390,1484,1578,1718,1796,1796,1875,1968,2031,2078,2171,2250,2312
0,219,359,266,375,438,547,656,641,703,844,906,1078,1125,1656,1734,1891,1969,2250,2375,2406,2484,2578,2656,2719,2797,2859,2922
0,359,469,453,500,562,656,750,766,828,984,1047,1141,1219,1703,1812,1844,1937,2062,2156,2203,2281,2391,2469,2500,2578,2641,2719
0,203,328,312,484,562,687,796,796,859,1828,1890,1937,2031,2218,2328,2375,2437,2593,2687,2765,2843,2921,2984,3046,3140,3187,3250
0,188,297,250,297,375,500,610,657,735,938,1016,1172,1266,1672,1797,1938,2016,2141,2219,2250,2328,2422,2500,2532,2625,2672,2735
0,203,296,265,312,406,515,609,593,671,984,1078,1156,1218,1531,1687,1750,1828,1953,2062,2109,2187,2265,2328,2375,2468,2515,2578
0,172,297,219,266,344,422,531,516,594,813,906,1047,1109,1500,1641,1750,1828,1922,2016,2047,2141,2234,2297,2344,2438,2469,2547
0,234,390,281,406,468,578,656,734,812,984,1062,1109,1203,1468,1593,1734,1812,1953,2046,2468,2562,2625,2703,2781,2875,2921,3000
0,172,313,250,328,407,500,625,610,703,1063,1125,1250,1313,1578,1672,1860,1969,2063,2172,2328,2422,2516,2578,2641,2735,2782,2860
0,234,390,328,375,453,906,1015,1062,1140,1312,1390,1469,1547,2078,2203,2437,2500,2609,2719,3094,3203,3203,3281,3359,3453,3500,3578
0,234,375,312,406,469,594,687,844,922,1109,1219,1297,1359,1640,1765,1906,1984,2125,2234,2265,2344,2437,2500,2531,2640,2734,2797
0,172,313,234,344,406,500,594,641,719,859,938,969,1047,1938,2016,2609,2688,2797,2922,2984,3063,3172,3250,3297,3391,3453,3516
0,265,406,312,422,484,703,797,843,922,1297,1390,1468,1562,2140,2281,2453,2547,2687,2781,2843,2937,3078,3156,3203,3297,3359,3422
0,250,360,328,391,453,625,750,719,797,1047,1125,1203,1250,1938,2110,2391,2485,2610,2688,2735,2813,2907,2985,3094,3188,3203,3282
0,203,344,250,360,422,1110,1203,1313,1391,1641,1719,1797,1875,2141,2266,2469,2547,2656,2766,2781,2891,3016,3078,3110,3219,3297,3375
0,187,328,250,359,422,609,703,781,875,1062,1140,1218,1312,1468,1562,1750,1859,2218,2312,2359,2437,2531,2593,2656,2750,2828,2906
0,157,329,266,547,625,735,860,1454,1516,1610,1657,2079,2172,2547,2688,2797,2891,3000,3125,3219,3297,3375,3454,3485,3594,3625,3688
0,234,390,296,359,437,546,656,671,750,937,1015,1093,1171,1343,1453,1828,1921,2156,2250,2375,2421,2609,2671,3031,3093,3109,3187
0,219,360,282,391,469,797,907,922,1000,1172,1235,1313,1407,1828,1953,2063,2141,2250,2375,2438,2516,2625,2703,2782,2860,2938,3016
0,172,297,234,391,484,875,938,1109,1188,1344,1438,1500,1578,1750,1891,2266,2406,2500,2609,2719,2813,2844,2922,2984,3094,3109,3188
0,203,343,250,359,421,531,656,640,734,1234,1328,1390,1484,1640,1765,2187,2281,2406,2500,2515,2609,2656,2750,2781,2890,2937,3000
0,188,328,234,297,375,594,688,703,781,953,1031,1109,1203,1359,1484,1781,1875,2000,2109,2172,2250,2328,2406,2438,2547,2594,2672
0,219,375,328,406,469,562,656,719,812,953,1031,1109,1203,1406,1515,1734,1844,1953,2047,2140,2250,2344,2422,2515,2609,2625,2703
0,297,469,391,453,531,594,687,750,844,1000,1062,1359,1453,1672,1812,2062,2141,2266,2375,2922,2984,3125,3203,3297,3375,3422,3484
0,235,375,297,360,438,469,594,610,703,844,922,1000,1063,1360,1485,1641,1719,1875,1953,2032,2110,2203,2297,2344,2438,2485,2563
0,156,312,234,281,344,906,984,1000,1094,1266,1359,1406,1500,1766,1891,2000,2094,2219,2328,2375,2469,2578,2641,2687,2781,2828,2906
0,188,329,266,297,375,500,672,657,750,1625,1719,1735,1829,2188,2329,2469,2579,2657,2782,3000,3079,3172,3266,3297,3391,3438,3532
0,219,344,250,329,375,516,610,625,704,844,922,1047,1094,1438,1547,1813,1907,2032,2141,2188,2266,2360,2469,2547,2610,2672,2735
0,219,359,328,359,422,1031,1125,1187,1297,1484,1562,1828,1937,2406,2547,3062,3156,3265,3390,3547,3625,3765,3859,3953,4031,4062,4140
0,219,344,313,328,391,500,641,516,578,735,813,875,953,1219,1344,1703,1797,1891,2000,2156,2235,2328,2391,2453,2563,2610,2672
0,235,360,282,375,438,500,610,594,688,891,969,1094,1188,1360,1485,1672,1766,1875,1969,2016,2079,2188,2250,2313,2407,2516,2579
0,203,328,234,313,375,469,578,531,609,781,844,1125,1203,1391,1516,1719,1797,1938,2031,2063,2156,2234,2313,2375,2453,2516,2578
0,281,406,421,593,671,765,875,937,1015,1156,1234,1312,1390,1546,1671,1703,1796,1921,2031,2031,2125,2203,2296,2343,2453,2484,2562
0,265,390,406,875,953,1047,1140,1203,1297,1547,1609,2156,2281,2406,2531,2906,3000,3062,3187,3281,3375,3468,3562,3609,3687,3750,3812
0,203,360,282,360,422,500,610,594,672,844,922,1032,1078,1453,1594,1766,1860,1985,2110,2219,2313,2375,2453,2500,2594,2657,2719
0,219,360,282,422,500,797,891,907,1000,1157,1235,1282,1391,1563,1703,1969,2063,2172,2282,2344,2438,2516,2578,2641,2719,2813,2891
0,250,422,297,407,469,532,641,672,750,1203,1297,1344,1438,1782,1922,2047,2141,2250,2360,2422,2500,2594,2672,2735,2844,2875,2953
0,219,375,297,391,454,594,719,750,829,985,1079,1125,1204,1563,1688,1766,1860,2000,2094,2125,2266,2391,2485,2594,2688,2704,2782
0,203,359,234,359,437,484,593,609,703,843,922,968,1078,1218,1328,1406,1515,1656,1750,1781,1875,1968,2062,2156,2203,2218,2297
0,172,313,266,328,406,469,594,578,656,797,891,1516,1610,1719,1860,2203,2297,2422,2516,2563,2641,2719,2813,2844,2953,3000,3078
0,188,344,266,344,407,438,563,547,625,766,844,938,1032,1532,1672,1922,2016,2110,2203,2422,2485,2532,2625,2672,2813,2828,2907
0,234,375,281,390,453,547,656,672,750,875,953,1000,1093,1515,1656,1859,1953,2062,2156,2406,2484,2531,2609,2672,2765,2890,2984
0,391,531,500,1000,1078,1234,1406,1250,1297,2391,2453,2531,2609,2828,2953,3141,3203,3328,3406,3422,3500,3641,3719,3781,3859,3937,4000
0,219,329,282,438,500,610,704,704,782,1141,1219,1297,1375,1860,1985,2110,2188,2360,2469,2532,2625,2719,2797,2907,3000,3079,3141
0,250,391,344,469,547,578,703,766,828,985,1063,1125,1219,1422,1531,1594,1688,1813,1906,1938,2031,2141,2219,2891,2969,3141,3203
0,187,312,266,344,422,578,687,703,781,1609,1687,1734,1828,2062,2172,2281,2359,2516,2641,3516,3594,3656,3672,4469,4594,4562,4641
0,203,343,281,390,468,828,937,1000,1062,1328,1406,1500,1593,1968,2109,2562,2640,2765,2859,2906,3000,3109,3171,3250,3328,3406,3468
0,219,375,359,625,687,781,875,1047,1125,1250,1344,1391,1484,1781,1906,2078,2203,2312,2406,2437,2531,2625,2719,2797,2891,2906,3016
0,266,407,329,454,532,672,797,782,860,1547,1641,1719,1813,2157,2297,2516,2610,2719,2813,2875,2954,3063,3141,3204,3297,3360,3422
0,235,391,329,407,485,579,704,719,813,1141,1219,1313,1391,1797,1938,2204,2329,2438,2563,2657,2782,2829,2891,2954,3063,3079,3172
0,250,391,344,406,469,578,703,703,797,969,1062,1172,1266,1734,1844,2031,2141,2250,2344,2484,2562,2656,2750,2859,2953,2969,3062
0,297,422,359,437,515,594,719,703,797,1094,1172,1250,1328,1594,1687,2062,2156,2437,2547,2609,2687,2875,2937,2969,3047,3172,3234
0,235,344,281,375,453,500,625,641,719,969,1047,1094,1188,1485,1610,1625,1719,1860,1953,1969,2063,2188,2266,2328,2422,2500,2578
0,234,375,281,406,484,594,734,703,781,937,1031,1187,1281,1719,1859,2031,2141,2234,2359,2484,2578,2672,2766,2828,2937,2984,3062
0,250,406,297,469,562,609,766,781,844,1016,1125,1172,1281,1516,1641,1781,1875,2031,2156,2203,2297,2437,2500,2562,2656,2875,2984
0,235,360,297,406,485,578,719,735,844,1016,1110,1188,1266,1719,1860,2078,2172,2297,2406,2485,2578,2672,2750,2906,3016,3094,3172
0,234,375,296,390,468,531,640,656,718,1000,1046,1812,1921,2062,2203,2468,2562,2671,2796,2859,2953,3046,3125,3171,3281,3328,3406
0,234,390,296,390,453,1000,1093,1109,1171,1343,1421,1500,1593,1953,2062,2125,2203,2390,2484,2500,2578,2671,2750,2796,2906,2968,3031
0,172,344,250,375,438,938,1047,1156,1250,1469,1547,1844,1953,2438,2563,2625,2719,2860,2969,3000,3094,3156,3250,3313,3453,3469,3531
0,359,468,484,562,625,734,843,843,906,1078,1172,2218,2312,2500,2609,2875,2968,3109,3234,3328,3406,3484,3578,3656,3750,3781,3859
0,234,390,344,406,469,578,703,1078,1156,1312,1422,1484,1594,2172,2297,2312,2422,2547,2656,3000,3078,3156,3265,3375,3515,3484,3562
0,188,297,219,328,407,516,641,672,750,907,1016,1063,1157,1407,1532,1719,1797,1938,2032,2110,2235,2297,2375,2453,2563,2563,2672
0,234,406,344,390,484,515,640,687,797,922,1047,1109,1219,2297,2453,2547,2640,2953,3078,3109,3219,3250,3344,3375,3484,3531,3609
0,203,359,281,328,391,516,625,562,656,797,875,906,1016,1516,1641,1797,1891,2047,2141,2328,2406,2531,2625,2734,2828,2875,2969
0,203,360,266,344,407,485,625,610,703,860,953,1032,1125,2016,2125,2172,2266,2375,2485,2578,2672,2735,2813,2860,2969,3032,3094
0,218,375,312,359,437,515,640,593,671,828,906,984,1109,1437,1578,1828,1937,2187,2296,2406,2500,2546,2625,2640,2812,2859,2921
0,234,406,312,390,468,531,672,656,750,859,953,1015,1125,1750,1890,1953,2062,2172,2281,2359,2453,2515,2593,2703,2812,2828,2906
0,250,406,313,391,469,531,672,641,719,860,938,1156,1250,1578,1703,1828,1938,2094,2203,2266,2375,2438,2516,2578,2703,2735,2813
0,234,375,359,484,562,812,922,969,1047,1437,1516,1656,1750,1937,2078,2203,2297,2437,2547,2562,2641,2781,2844,2922,3031,3047,3109
0,219,359,281,390,469,547,656,687,781,937,1015,1078,1203,1406,1547,1562,1672,1828,1922,2000,2094,2187,2219,2328,2422,2578,2656
0,250,406,328,375,453,562,718,609,703,875,968,1078,1171,1531,1640,1718,1812,1921,2015,2046,2140,2203,2281,2359,2468,2515,2578
0,235,375,328,391,453,625,719,766,860,1375,1485,1547,1672,2281,2422,2469,2578,2641,2766,2875,2953,3110,3188,3235,3360,3391,3469
0,219,360,344,360,438,797,907,985,1063,1219,1313,1360,1469,1829,1969,2157,2250,2407,2532,2657,2735,2860,2938,3032,3110,3188,3313
0,266,406,375,422,484,625,734,859,938,1109,1203,1297,1359,1641,1766,1906,2000,2141,2234,2297,2359,2453,2531,2656,2750,2781,2859
0,250,375,344,438,500,844,938,969,1047,1219,1344,1391,1485,1782,1907,2094,2188,2329,2454,2485,2579,2641,2719,2813,2922,2938,3000
0,343,484,468,515,593,671,781,796,890,1062,1156,1796,1906,2046,2171,2546,2640,2734,2875,3031,3109,3203,3281,4062,4218,4203,4296
0,203,343,297,328,390,484,609,984,1031,1187,1250,1312,1390,1718,1828,2093,2172,2515,2625,2687,2765,2843,2922,3015,3140,3250,3328
0,219,360,282,375,453,516,610,657,750,907,1000,1094,1172,1469,1594,1922,2016,2157,2282,2532,2625,2703,2844,4000,4110,4125,4188
0,172,329,235,329,407,485,625,563,657,797,875,907,1016,1454,1594,1719,1829,1922,2016,2079,2172,2266,2344,2422,2532,2594,2657
0,218,375,312,406,484,593,750,703,812,1000,1093,1187,1265,1781,1906,2093,2171,2296,2375,2437,2515,2593,2671,2718,2828,2875,2953
0,250,390,297,375,468,578,750,687,797,937,1015,1078,1250,1437,1562,1797,1890,1968,2140,2203,2312,2359,2437,2453,2609,2687,2765
0,235,375,281,360,438,563,735,656,781,922,1016,1500,1594,2110,2219,2406,2516,2641,2750,3203,3281,3360,3438,3453,3578,3656,3719
0,203,312,250,328,406,515,719,625,734,937,1047,1156,1281,1656,1781,1937,2047,2172,2281,2312,2406,2469,2562,2609,2719,2765,2844
0,218,375,265,375,453,500,625,625,734,875,968,1015,1140,1328,1453,1593,1687,1875,1984,2000,2093,2187,2265,2312,2437,2484,2578
0,266,422,328,422,500,562,703,719,812,1000,1109,1203,1297,1531,1687,2109,2219,2437,2562,2672,2766,2844,2922,2984,3094,3141,3219
0,234,391,328,406,453,609,734,891,1000,1141,1234,1312,1391,1859,2016,2109,2203,2344,2437,2453,2562,2641,2703,2797,2922,2937,3000
0,219,390,328,390,469,969,1078,1078,1156,1765,1859,1984,2047,2453,2594,2719,2797,2937,3031,3125,3219,3328,3390,3453,3547,3594,3672
0,171,328,265,359,421,515,640,656,718,984,1078,1140,1218,2109,2281,2265,2359,2609,2765,3140,3218,3312,3390,3453,3546,3562,3640
0,203,343,265,359,421,500,609,640,718,1890,1984,2031,2125,2312,2453,2656,2765,2875,2984,3031,3125,3296,3390,4656,4781,4796,4875
0,219,360,297,375,469,531,641,656,735,875,953,1031,1110,1438,1547,1641,1703,1906,2016,2063,2141,2203,2281,2328,2422,2485,2563
0,219,375,281,375,453,547,656,687,750,937,1031,1109,1187,1422,1562,1844,1937,2062,2172,2234,2328,2375,2453,2500,2609,3156,3250
0,235,375,329,407,485,579,688,704,782,938,1047,1125,1219,1563,1704,1797,1922,2016,2094,2172,2250,2297,2391,2469,2594,2625,2704
0,219,344,281,328,406,562,687,625,719,922,1031,1094,1187,1469,1625,1766,1875,2000,2094,2156,2234,2328,2406,2734,2844,2906,2969
0,265,437,343,422,484,1312,1406,1547,1625,1718,1828,1875,2031,2140,2265,2578,2687,2859,3000,3078,3187,3547,3625,3750,3875,3843,3968
0,188,313,282,344,422,485,594,610,688,829,907,954,1063,1250,1375,1516,1610,1735,1829,1875,1969,2032,2125,2391,2485,2469,2579
0,187,328,250,343,406,515,640,718,812,1453,1547,1750,1859,1984,2093,2750,2843,2968,3078,3125,3218,3328,3406,3468,3578,3593,3672
0,218,375,297,343,422,781,922,906,1000,1343,1437,1672,1750,1922,2047,2375,2453,2609,2765,2797,2906,2953,3047,3109,3203,3234,3297
0,234,343,312,375,453,547,625,734,812,1047,1140,1172,1265,1797,1922,1984,2062,2140,2234,2250,2359,2453,2547,2625,2718,2781,2843
0,375,500,453,546,625,703,828,812,890,1015,1109,1140,1265,1593,1734,1828,1937,2046,2156,2234,2328,2375,2468,2531,2687,2703,2765
0,219,391,297,375,469,594,735,672,782,1172,1250,1578,1672,2016,2078,2407,2516,2688,2813,2860,2953,3250,3344,3407,3500,3610,3672
0,266,422,360,438,453,797,875,844,922,1610,1703,1766,1860,2172,2313,2813,2891,3110,3235,3297,3391,3563,3641,3735,3828,3875,3938
0,219,375,312,390,515,578,687,719,812,922,1031,1109,1203,1375,1515,2047,2156,2297,2437,2609,2703,2750,2812,2859,3000,3015,3094
0,297,469,438,469,547,859,984,1016,1125,1313,1422,1500,1578,1750,1906,2438,2547,2641,2766,2906,3000,3063,3141,3203,3328,3344,3422
0,219,344,313,391,454,954,1047,1141,1235,1375,1516,1547,1641,1797,1938,2266,2344,2469,2563,2610,2688,2750,2844,2907,3000,3047,3125
0,219,344,328,391,469,625,703,813,891,1516,1609,1641,1734,1797,1938,2313,2375,3188,3313,3359,3422,3531,3625,3688,3781,3797,3875
0,203,312,266,328,391,500,625,609,703,828,906,969,1078,1250,1391,1859,1969,2078,2187,2219,2297,2344,2422,2469,2578,2641,2703
0,187,343,312,328,390,515,609,703,781,875,984,1047,1156,1328,1468,1640,1750,1890,2000,2093,2187,2281,2359,2562,2703,2718,2828
0,219,344,281,359,438,578,703,609,688,875,969,1078,1156,1531,1656,1875,1984,2563,2688,2734,2813,2891,2938,3000,3094,3156,3219
0,266,407,375,422,485,578,688,703,813,969,1078,1125,1219,1375,1485,1750,1875,2328,2438,2563,2641,2672,2766,2813,2922,2953,3047
0,234,375,312,390,453,547,672,656,734,890,984,1047,1140,1312,1437,1609,1703,1875,1969,2078,2140,2234,2312,2390,2500,2515,2594
0,219,360,297,375,453,532,641,688,797,922,1016,1063,1172,1360,1516,1766,1875,2000,2094,2188,2282,2328,2407,2453,2594,2625,2703
0,218,375,281,375,437,625,734,828,921,1140,1218,1281,1375,1765,1937,1968,2062,2187,2281,2343,2421,2484,2562,2656,2765,2796,2859
0,219,344,281,312,391,500,609,562,641,797,859,922,1016,1172,1297,1312,1406,1531,1625,1656,1734,1844,1922,2000,2109,2141,2219
0,297,453,406,469,531,734,844,859,937,1078,1187,1312,1375,1719,1844,1969,2062,2156,2265,2375,2453,2812,2890,2969,3078,3140,3219
0,203,344,281,375,453,594,719,688,766,1016,1125,1203,1297,1547,1672,1797,1906,2031,2172,2281,2359,2438,2531,2594,2719,2734,2813
0,187,343,296,531,625,890,984,1000,1062,1234,1343,1406,1500,1734,1890,1984,2078,2203,2328,2406,2484,2656,2734,2906,3046,3093,3171
0,250,375,313,438,516,610,719,704,797,969,1094,1141,1235,1672,1797,1969,2063,2204,2329,2391,2485,2579,2657,2704,2829,2891,2985
0,172,312,281,359,437,562,641,781,844,953,1031,1047,1172,1437,1547,1812,1906,2312,2391,3875,3937,4062,4156,4203,4328,4312,4391
0,203,328,312,421,515,531,671,671,750,843,953,1000,1078,1609,1750,1921,2015,2109,2218,2250,2375,2453,2531,2593,2703,2718,2796
0,187,328,219,312,390,500,609,625,703,844,953,1000,1109,1281,1422,1437,1547,1687,1781,1859,1922,2047,2109,2297,2406,2344,2469
0,187,328,250,312,422,468,625,609,718,843,937,984,1078,1234,1375,1593,1687,1812,1937,1984,2062,2140,2234,2297,2437,2437,2515
0,188,313,266,313,407,500,625,610,688,828,922,1000,1110,1235,1360,1407,1516,1610,1703,1735,1813,1907,2016,2110,2235,2235,2328
0,235,360,250,375,454,532,641,657,735,860,969,1016,1110,1266,1391,1454,1563,1672,1782,1797,1891,1985,2047,2235,2329,2391,2469
0,219,360,282,391,469,500,594,657,735,860,954,1000,1141,1250,1391,1500,1625,1704,1829,2079,2157,2250,2329,2407,2532,2563,2625
0,188,328,281,297,391,469,625,578,672,797,891,938,1047,1188,1328,1359,1453,1563,1672,1750,1828,1906,1984,2156,2281,2297,2391
0,204,344,266,329,422,563,704,688,782,922,1000,1047,1141,1391,1516,2032,2141,2235,2360,2407,2469,2579,2672,2735,2875,2907,2969
0,188,344,250,328,438,485,625,610,719,922,1016,1141,1250,1422,1578,1719,1828,1906,2016,2016,2094,2235,2328,2422,2516,2531,2641
0,125,265,172,250,328,609,719,750,875,1047,1172,1219,1328,1422,1562,2219,2328,2437,2562,2594,2687,2812,2890,2922,3062,3125,3250
0,313,422,344,438,547,594,703,719,813,938,1031,1094,1188,1344,1500,1563,1688,1781,1906,2109,2172,2250,2359,2406,2547,2563,2672
0,203,360,235,313,422,469,625,563,657,782,891,953,1078,1250,1407,1485,1594,1672,1797,1813,1922,2000,2063,2125,2266,2282,2360
0,219,390,281,406,469,547,672,625,734,859,953,1000,1109,1640,1781,1890,2015,2094,2203,2250,2344,2406,2469,2547,2703,2703,2781
0,234,390,312,375,469,547,672,672,765,890,984,1031,1140,1406,1578,1719,1844,1969,2094,2219,2312,2375,2469,2531,2687,2703,2765
0,156,328,203,265,375,484,593,578,671,812,906,953,1046,1531,1671,1718,1828,1953,2078,2046,2125,2296,2359,2421,2531,2562,2640
0,156,297,218,328,422,640,765,734,828,953,1062,1125,1250,1500,1640,1718,1812,1890,2000,2015,2093,2218,2297,2343,2484,2500,2562
0,203,343,234,359,437,546,671,609,718,937,1078,1125,1296,1703,1843,2046,2109,2250,2390,2468,2593,2640,2734,2781,2921,2906,3015
0,516,657,625,641,735,875,1016,1063,1157,1469,1578,1641,1782,2188,2360,2391,2485,2594,2703,2719,2813,2891,2985,3016,3172,3203,3282
0,218,375,281,375,468,547,703,734,812,984,1047,1406,1515,2078,2234,2250,2375,2422,2531,2578,2656,2797,2859,2922,3062,3047,3125
0,203,359,250,343,421,593,703,718,812,953,1031,1078,1171,1546,1687,1812,1921,1984,2093,2234,2343,2468,2562,2625,2734,2781,2859
0,141,297,203,328,406,641,750,828,906,1109,1219,1250,1375,1562,1703,1750,1859,1937,2047,2125,2219,2312,2406,2453,2609,2641,2703
0,141,297,203,282,360,438,578,625,735,875,953,1094,1188,1344,1500,1547,1672,1766,1891,1938,2032,2110,2188,2266,2407,2453,2547
0,187,359,281,437,531,609,718,828,921,1328,1421,1484,1609,1671,1828,2031,2140,2250,2343,2468,2546,2625,2703,2765,2921,2906,2968
0,296,437,328,406,500,578,703,750,828,968,1062,1078,1203,1375,1500,1531,1640,1750,1875,2062,2156,2250,2328,2375,2500,2515,2609
0,157,328,250,313,391,500,610,657,750,875,969,1000,1110,1266,1422,1438,1547,1672,1782,1875,1969,2141,2188,2282,2391,2438,2516
0,172,313,282,360,438,703,813,860,969,1203,1297,1422,1547,1953,2078,2141,2235,2391,2516,2547,2657,2750,2813,2969,3063,4219,4328
0,188,344,235,375,454,532,641,688,766,954,1032,1110,1188,1579,1704,2000,2125,2250,2360,3047,3141,3235,3297,3344,3500,3516,3594
0,219,360,266,344,454,485,610,657,750,907,1000,1032,1172,1547,1704,1797,1922,2063,2172,2329,2422,2485,2563,2610,2750,2766,2829
0,219,360,266,375,485,516,625,688,766,875,985,1016,1125,1360,1500,1657,1766,1891,2016,2078,2188,2235,2328,2391,2547,2516,2610
0,250,391,313,360,469,516,641,672,782,922,985,1141,1219,1438,1594,1844,1954,2016,2172,2204,2297,2454,2532,2594,2719,2735,2813
0,188,344,266,344,453,547,688,703,813,953,1047,1110,1250,1391,1563,1735,1844,1922,2031,2094,2203,2531,2641,2735,2891,2828,2953
0,500,641,610,688,797,875,1000,1016,1125,1282,1391,1422,1579,1860,1985,2110,2204,2454,2594,2657,2766,2813,2891,2969,3110,3094,3172
0,235,391,266,469,547,828,938,969,1078,1219,1344,1391,1500,1641,1766,1953,2078,2156,2266,2391,2516,2578,2656,2750,2906,2875,2953
0,203,359,297,359,437,531,672,656,734,875,984,1031,1156,1312,1484,1609,1719,1812,1922,2062,2172,2203,2281,2359,2500,2484,2578
0,219,360,297,438,531,563,672,797,875,1141,1235,1344,1453,1906,2031,2110,2203,2281,2375,2453,2531,2578,2672,2750,2891,2860,2938
0,250,406,343,390,468,578,687,718,812,2187,2265,2281,2406,2906,3031,3140,3250,3359,3468,3484,3578,3687,3765,3828,3968,3968,4031
0,172,312,219,312,390,594,750,765,859,1031,1109,1172,1265,2062,2187,2281,2359,2672,2797,3078,3172,3219,3328,3406,3547,3500,3594
0,188,297,234,344,422,531,641,656,766,1078,1203,1266,1391,1469,1594,1938,2078,2172,2297,2359,2438,2500,2594,2656,2813,2797,2906
0,250,375,360,672,782,844,938,1032,1110,1235,1344,1375,1453,1719,1844,2610,2719,2828,2953,3235,3328,3391,3485,3516,3657,3688,3766
0,125,266,188,297,391,438,563,547,641,766,860,907,1000,1203,1344,1469,1594,1703,1813,1938,2000,2891,3000,3063,3219,3188,3313
0,203,328,250,344,438,500,641,578,703,828,953,1047,1172,1297,1453,1625,1750,1859,1984,2047,2141,2219,2281,2406,2547,2500,2594
0,234,375,281,390,484,718,843,922,1047,1203,1312,1359,1500,1625,1765,2187,2281,2468,2593,2609,2703,2765,2875,2922,3078,3062,3156
0,203,344,235,328,438,500,625,672,766,922,1000,1063,1172,1344,1485,1516,1625,1766,1860,1891,1985,2063,2157,2219,2344,2360,2453
0,110,297,157,297,375,594,719,797,907,1063,1125,1172,1297,1766,1891,1938,2063,2157,2282,2297,2407,2485,2532,2735,2860,2860,2938
0,250,359,328,437,531,578,687,750,859,1078,1156,1250,1344,1703,1828,2015,2109,2250,2359,2422,2531,2625,2687,2750,2906,2922,3000
0,109,265,140,281,359,484,640,703,797,969,1031,1156,1265,1719,1797,1953,2047,2187,2344,2422,2515,2609,2687,2750,2906,2922,3000
0,219,375,281,390,484,547,687,719,781,922,1000,1047,1156,1359,1500,1547,1640,1765,1859,1906,1984,2109,2187,2297,2437,2453,2547
0,171,312,218,437,531,578,703,765,859,984,1062,1109,1203,1375,1515,1687,1796,1890,2015,2062,2140,2234,2312,2406,2531,2531,2625
0,125,281,203,312,391,516,625,656,734,922,1031,1109,1203,1391,1531,1922,2031,2141,2266,2328,2437,2500,2594,2641,2781,2781,2859
0,469,641,547,656,750,828,953,937,1016,1266,1344,1437,1547,1703,1875,2125,2203,2328,2453,2500,2578,2656,2750,2797,2906,3172,3266
0,235,375,266,391,485,516,625,672,766,922,985,1078,1188,1610,1750,2031,2156,2250,2344,2375,2469,2547,2625,2656,2797,2828,2906
0,235,375,297,360,438,516,672,594,688,1594,1672,1688,1813,1922,2079,2422,2516,2735,2860,2938,3032,3125,3204,3297,3422,3407,3485
0,157,297,219,297,375,454,563,579,672,829,922,985,1094,1844,1985,2141,2235,2344,2469,2563,2657,2766,2844,2922,3079,3063,3157
0,125,281,203,281,375,500,625,656,750,938,1016,1141,1234,1609,1750,1797,1891,2016,2141,2141,2234,2359,2453,2703,2828,2828,2922
0,172,328,266,312,406,516,641,656,734,1031,1109,1219,1359,1828,1984,2062,2156,2281,2375,2406,2484,2578,2625,2781,2922,2906,2984
0,250,391,297,375,469,609,734,766,859,1000,1063,1141,1250,1453,1594,1672,1766,1953,2047,2188,2266,2359,2438,2719,2828,2828,2922
0,110,266,157,282,360,453,594,641,719,860,953,985,1110,1578,1719,1766,1875,2000,2078,2188,2297,2407,2485,2657,2844,2969,3063
0,203,313,235,344,422,500,641,610,719,906,985,1438,1547,1719,1844,2750,2844,2953,3078,3141,3219,3344,3422,3453,3578,3610,3688
0,94,235,141,250,328,391,500,547,641,766,844,875,985,1172,1297,1313,1422,1532,1625,1657,1750,1875,1953,2391,2500,2578,2688
0,250,359,296,390,484,500,640,640,703,875,953,1000,1125,1218,1359,1390,1500,1671,1812,1921,2031,2062,2156,2218,2328,2453,2546
0,219,375,297,390,453,625,750,734,828,1047,1140,1187,1312,1781,1906,2015,2109,2219,2312,2344,2437,2562,2594,2656,2812,2812,2906
0,203,360,250,344,453,485,610,656,766,906,1031,1078,1203,1703,1828,1875,1969,2110,2203,2297,2391,2578,2641,2703,2844,2875,2953
0,235,407,250,391,453,516,688,625,719,860,938,1016,1172,2391,2516,2532,2641,2719,2828,2844,2938,3032,3110,3125,3266,3313,3391
0,172,313,219,328,438,469,594,563,656,781,844,891,985,1156,1281,1453,1547,1641,1750,1813,1875,1969,2047,2078,2203,2250,2328
0,140,265,203,297,390,484,609,593,687,922,1062,1125,1281,1453,1609,1937,2047,2172,2297,2359,2453,2531,2609,2672,2812,2797,2859
0,188,313,250,500,594,688,813,906,969,1125,1234,1266,1375,1594,1734,1859,1953,2078,2156,2188,2266,2375,2453,2500,2641,2641,2719
0,172,313,219,328,407,469,625,594,688,813,875,922,1047,1235,1391,1422,1532,1625,1750,1828,1922,1985,2063,2141,2266,2266,2328
0,94,265,172,281,359,578,672,687,797,969,1047,1203,1328,1390,1578,1719,1828,1922,2047,2125,2219,2265,2359,2422,2547,2562,2625
0,125,281,156,297,359,437,562,625,719,844,922,937,1062,1375,1531,1609,1719,1812,1922,1969,2047,2140,2250,2312,2469,2437,2515
0,188,344,297,953,1047,1094,1235,1282,1360,1516,1594,1641,1719,2078,2235,2328,2422,2516,2625,2735,2813,2938,3016,3157,3266,3328,3422
0,250,407,297,391,469,578,703,672,782,938,1047,1125,1250,1578,1719,2297,2422,2532,2657,2688,2766,2875,2953,3016,3157,3141,3219
0,188,313,266,328,422,547,672,766,875,1047,1156,1250,1344,1484,1656,2000,2125,2328,2453,2516,2609,2641,2734,2781,2938,2922,3000
0,156,281,218,297,390,468,593,703,765,859,1000,1047,1172,1281,1453,1656,1781,1890,2000,2125,2234,2312,2390,2437,2578,2593,2672
0,250,406,281,390,500,546,671,750,812,906,1015,1062,1203,1406,1562,1765,1890,2015,2140,2218,2281,2375,2500,2546,2687,2687,2765
0,250,390,297,406,500,562,687,640,765,906,1000,1078,1172,1437,1578,1797,1906,2594,2719,3375,3453,3531,3625,3672,3828,3812,3890
0,266,438,359,422,500,578,703,719,813,922,1047,1094,1234,1391,1563,1859,1984,2063,2188,2250,2359,2422,2516,2563,2734,2688,2797
0,282,407,344,422,532,563,703,672,797,860,1000,1172,1328,1422,1594,2250,2375,2532,2688,2735,2844,2938,3016,3063,3235,3219,3328
0,172,312,218,297,375,468,593,531,640,765,843,906,1031,1140,1265,1359,1468,1625,1750,1765,1859,1953,2031,2078,2218,2218,2343
0,125,266,172,235,328,422,578,594,688,860,953,1000,1110,1313,1453,1547,1672,1844,1985,2063,2157,2250,2344,2438,2563,2547,2625
0,187,328,203,500,578,968,1078,1218,1328,1453,1546,1593,1734,1890,2046,2218,2328,2437,2546,2531,2625,2718,2796,2875,3015,3000,3093
0,265,437,312,406,500,578,687,734,828,984,1094,1125,1265,1453,1594,1797,1922,2047,2140,2203,2328,2422,2500,2547,2719,2703,2812
0,235,391,266,391,516,625,813,829,922,1282,1375,1422,1594,1657,1813,2157,2266,2469,2625,2641,2719,2844,2907,2954,3110,3094,3188
0,250,422,313,438,516,547,688,703,828,1016,1125,1188,1297,1594,1703,1922,2032,2282,2407,2469,2563,2610,2688,2766,2922,2875,2969
0,266,407,329,407,500,579,719,1422,1532,1625,1735,1735,1844,2250,2407,2516,2563,2750,2860,2860,2969,3000,3125,3157,3329,3313,3438
0,172,313,250,344,438,547,688,672,750,938,1000,1125,1219,1578,1735,1844,1953,2063,2157,2172,2235,2344,2422,2453,2563,2610,2672
0,203,359,313,344,438,547,641,656,688,1609,1734,1719,1859,1953,2109,2406,2500,2625,2750,2859,2953,3031,3109,3188,3313,3266,3359
0,172,344,203,328,390,515,640,547,656,844,953,1344,1484,1578,1734,2047,2156,2250,2359,2375,2484,2578,2656,2719,2828,2828,2906
0,125,265,172,281,359,422,547,515,594,719,859,953,1031,1375,1500,1578,1687,1781,1890,1906,1984,2078,2172,2297,2406,2390,2453
0,188,328,250,344,422,485,563,578,657,813,875,938,1047,1235,1360,1547,1641,1750,1875,1891,1985,2078,2141,2203,2360,2344,2422
0,156,328,219,281,359,437,547,516,609,734,828,891,984,1219,1375,1406,1531,1609,1719,1750,1844,1906,2000,2047,2187,2172,2250
0,234,422,312,406,484,562,672,656,734,859,953,1000,1109,1390,1515,1609,1718,1797,1906,1937,2015,2109,2187,2250,2390,2359,2437
0,203,344,219,360,422,969,1063,1078,1141,1281,1360,1375,1485,1656,1766,1985,2078,2172,2281,2297,2375,2485,2531,2578,2735,2719,2766
0,187,312,234,328,406,500,609,594,687,828,937,984,1109,1234,1359,1515,1640,1750,1844,1906,1984,2047,2109,2203,2328,2312,2375
0,172,312,234,297,359,468,562,515,625,812,890,968,1062,1437,1562,1609,1734,1843,1953,2000,2078,2156,2218,2265,2359,2422,2500
0,203,375,266,328,406,547,672,687,781,906,1031,1062,1203,1328,1469,1594,1719,1781,1891,2125,2219,2281,2359,2391,2500,2516,2578
0,156,312,250,328,390,953,1093,1093,1187,1312,1406,1453,1593,1671,1765,1953,2062,2156,2250,2265,2359,2437,2546,2593,2718,2703,2765
0,203,344,250,328,406,531,672,625,719,875,984,1015,1156,1265,1390,1578,1672,1812,1922,1922,2015,2094,2156,2234,2359,2344,2422
0,204,344,266,329,422,1141,1250,1266,1391,1454,1594,1610,1750,1829,1938,2188,2282,2438,2547,2579,2672,2735,2813,2860,3000,2985,3079
0,203,359,266,328,437,1062,1172,1187,1281,1406,1547,1578,1734,1922,2047,2172,2281,2391,2500,2516,2594,2672,2766,2828,2953,2937,3016
0,203,328,234,343,390,500,640,609,703,906,984,1046,1171,1328,1468,1687,1781,1921,2015,2000,2093,2171,2234,2312,2437,2421,2484
0,156,297,218,265,343,453,562,547,640,765,843,890,1031,1156,1250,1312,1406,1515,1609,1609,1687,1765,1828,1922,2062,2031,2109
0,250,406,328,359,469,578,688,672,750,906,984,1031,1188,1297,1422,1656,1766,1906,2016,2063,2125,2219,2297,2344,2453,2469,2547
0,203,359,281,328,406,515,640,578,656,875,1000,1062,1172,1281,1406,1656,1765,2031,2172,2406,2484,2547,2625,2672,2812,2812,2890
0,156,312,203,297,375,468,562,531,640,781,859,906,984,1328,1468,1547,1656,1765,1859,1859,1953,2031,2109,2172,2312,2297,2375
0,203,359,266,344,422,516,672,672,734,875,984,1031,1109,1453,1609,1719,1828,1922,2016,2078,2187,2234,2312,2375,2578,2484,2547
0,203,344,266,313,391,469,610,547,625,766,844,907,1032,1282,1422,1516,1610,1719,1813,1813,1922,1969,2047,2110,2250,2219,2297
0,172,328,219,282,344,469,578,532,610,750,828,875,953,1266,1407,1469,1563,1672,1766,1766,1875,1953,2047,2110,2235,2235,2297
0,172,328,219,297,375,485,641,547,672,813,891,938,1047,1266,1375,1531,1656,1781,1875,1938,2031,2094,2156,2219,2360,2344,2422
0,156,296,234,281,375,453,609,546,625,765,843,890,1031,1171,1265,1375,1484,1593,1703,1718,1828,1906,1968,2046,2187,2171,2250
0,156,313,219,297,375,485,594,547,656,813,906,953,1078,1375,1516,1578,1672,1797,1891,1922,2000,2078,2141,2235,2375,2344,2422
0,187,328,234,312,390,562,703,656,765,828,984,1000,1125,1375,1531,1562,1672,1812,1906,1922,2015,2093,2187,2250,2390,2375,2453
0,172,313,203,297,360,469,594,532,641,766,860,891,1032,1219,1344,1391,1516,1610,1703,1719,1813,1860,1953,2016,2172,2125,2203
0,250,391,328,407,500,578,735,672,750,875,985,969,1094,1313,1438,1563,1672,1797,1891,1953,2047,2125,2188,2250,2375,2391,2469
0,203,375,250,328,422,484,609,578,672,797,906,937,1062,1390,1531,1609,1718,1828,1937,2000,2109,2156,2234,2297,2437,2422,2500
0,172,297,250,266,344,453,563,547,625,766,859,922,1063,1344,1484,1531,1625,1719,1813,1875,1984,2031,2109,2188,2313,2313,2375
0,157,313,250,297,375,532,657,563,688,844,938,969,1079,1219,1344,1563,1672,1797,1891,1985,2094,2141,2219,2297,2438,2391,2469
0,156,281,188,266,360,422,610,547,641,766,860,906,1047,1141,1266,1344,1438,1594,1688,1719,1797,1906,1969,2016,2156,2172,2266
0,218,328,312,343,406,515,640,625,687,828,921,937,1078,1203,1296,1437,1562,1671,1796,1796,1890,1953,2031,2093,2234,2203,2296
0,172,313,250,281,360,453,578,531,610,828,906,985,1141,1266,1406,1422,1500,1656,1766,1797,1906,1922,1985,2063,2188,2172,2250
0,203,359,265,312,406,547,687,687,765,937,1031,1109,1281,1359,1515,1625,1734,1875,1969,2015,2125,2187,2265,2375,2500,2469,2547
0,187,343,281,312,421,500,625,609,703,828,921,1015,1109,1203,1312,1375,1468,1562,1671,1687,1796,1875,1953,2015,2171,2140,2203
0,157,313,250,297,375,719,828,813,891,1016,1094,1094,1235,1485,1625,1782,1891,2032,2203,2297,2375,2438,2500,2578,2688,2672,2735
0,234,375,344,406,500,844,938,922,1000,1156,1281,1313,1438,1563,1688,2047,2141,2328,2484,2906,3047,2969,3109,3688,3828,3797,3906
0,156,343,234,375,437,531,656,625,734,843,922,968,1093,1281,1437,1578,1656,1781,1890,1906,1984,2062,2156,2265,2406,2328,2422
0,188,328,297,344,438,563,672,672,766,891,953,1016,1156,1485,1625,1688,1750,1860,1969,1985,2063,2110,2235,2297,2438,2375,2469
0,172,344,219,297,407,500,625,578,688,813,922,938,1063,1141,1266,1453,1563,1657,1782,1782,1891,1922,2016,2094,2235,2188,2250
0,157,313,250,297,391,453,547,578,657,782,860,891,1000,1172,1282,1375,1485,1657,1766,1797,1891,1938,2000,2078,2219,2203,2266
0,172,312,250,344,390,547,687,672,765,937,1031,1078,1219,1469,1640,1734,1844,1922,2031,2031,2125,2187,2281,2328,2469,2437,2531
0,171,328,218,328,390,453,578,562,656,781,875,921,1015,1156,1296,1421,1531,1625,1703,1718,1828,1890,1968,2031,2171,2156,2218
0,157,282,219,860,922,1000,1094,1079,1157,1282,1344,1375,1500,1657,1782,1922,2016,2141,2235,2250,2344,2422,2500,2563,2704,2657,2735
0,204,329,297,297,375,500,610,657,719,891,969,1016,1094,1329,1438,1579,1672,1782,1875,1891,1969,2047,2141,2204,2329,2297,2375
0,172,313,250,313,375,485,625,594,688,813,922,938,1047,1188,1328,1485,1594,1703,1813,1813,1906,1985,2078,2156,2297,2266,2328
0,156,328,219,281,359,453,563,547,609,828,969,1078,1188,1297,1359,1844,1953,2109,2266,2281,2375,2422,2500,2516,2672,2688,2750
0,250,422,312,375,484,531,656,640,734,859,953,1000,1140,1250,1390,1562,1672,1812,1906,1937,2031,2093,2203,2234,2390,2390,2468
0,250,391,391,454,532,594,704,719,797,938,985,1063,1125,1594,1735,1907,1985,2094,2204,2219,2297,2375,2454,2500,2625,2610,2672
0,172,344,235,344,406,469,594,625,703,844,906,906,1047,1250,1360,1406,1500,1610,1703,1672,1766,1891,1953,2016,2156,2141,2203
0,172,313,282,313,391,469,594,547,625,797,860,953,1032,1235,1375,1578,1657,1797,1875,1875,1953,2063,2125,2188,2266,2313,2375
0,78,235,157,219,282,375,485,485,578,703,766,813,938,1110,1250,1266,1391,1516,1610,1625,1719,1782,1844,1922,2063,2047,2110
0,188,344,219,359,438,500,594,609,703,844,906,953,1063,1234,1359,1641,1734,1891,2000,1984,2063,2156,2234,2266,2375,2391,2469
0,250,422,360,438,547,594,750,704,797,891,1016,1016,1172,1282,1438,1672,1782,1875,1969,2079,2188,2219,2313,2329,2438,2469,2547
0,203,375,328,344,453,531,656,656,734,875,969,1000,1109,1297,1453,1641,1750,1828,1953,2000,2109,2188,2266,2328,2484,2422,2516
0,234,406,343,390,500,547,656,672,750,875,984,1015,1125,1281,1437,1562,1656,1781,1875,1922,2031,2125,2203,2265,2390,2375,2437
0,203,344,313,328,422,500,610,578,656,797,891,953,1031,1235,1344,1438,1563,1672,1750,1828,1922,2016,2078,2125,2266,2250,2344
0,218,359,297,343,422,812,968,1140,1218,1359,1422,1500,1578,1781,1875,2109,2218,2328,2422,2484,2562,2640,2718,2797,2937,2890,2984
0,188,328,266,297,375,484,609,563,656,797,891,938,1047,1391,1500,1625,1719,1859,1984,2047,2109,2188,2297,2344,2484,2469,2563
0,250,375,343,359,453,1046,1156,1171,1265,1390,1468,1515,1625,2000,2140,2312,2421,2546,2656,2671,2796,2859,2968,3000,3140,3125,3203
0,266,422,344,391,500,563,703,688,782,891,985,1016,1157,1328,1453,1641,1750,1844,1969,2110,2219,2266,2360,2391,2516,2532,2610
0,469,656,641,906,1000,1453,1562,1797,1891,2000,2125,2125,2266,2375,2531,2641,2750,2875,3000,3031,3125,3187,3266,3328,3469,3437,3516
0,156,312,234,328,406,891,1016,1031,1094,1219,1281,1344,1484,1687,1828,1891,1984,2078,2187,2234,2344,2391,2484,2547,2687,2641,2734
0,218,468,547,718,828,1125,1250,1328,1406,1547,1609,1625,1781,2047,2203,2250,2328,2437,2547,2687,2765,2875,2968,3047,3187,3156,3234
0,157,329,235,313,391,469,594,610,688,829,891,985,1094,1329,1454,1500,1610,1735,1829,1891,1985,2063,2157,2204,2375,2329,2407
0,203,328,266,313,438,516,656,609,688,813,906,953,1094,1219,1375,1375,1469,1578,1688,1672,1797,1891,1953,2016,2141,2141,2234
0,156,297,250,281,375,453,594,547,641,766,860,906,985,1516,1656,1719,1797,1922,2047,2047,2156,2266,2360,2422,2578,2563,2625
0,203,344,297,328,437,500,625,609,687,812,922,937,1062,1156,1297,1422,1562,1687,1812,1922,2031,2078,2156,2219,2375,2359,2437
0,265,390,328,375,468,515,640,625,718,843,906,968,1093,1328,1484,1625,1734,1843,1953,1953,2062,2140,2218,2265,2390,2375,2468
0,188,328,266,328,406,500,625,610,703,828,922,938,1094,1235,1360,1485,1625,1735,1860,1922,2031,2110,2188,2188,2313,2391,2469
0,204,360,313,360,438,516,672,657,750,875,938,922,1063,1360,1500,1672,1797,1907,2016,2063,2157,2235,2313,2375,2547,2532,2610
0,140,234,250,296,406,484,625,640,734,890,968,1031,1187,1625,1765,1765,1875,1968,2078,2140,2234,2312,2406,2437,2578,2593,2656
0,234,406,344,359,453,515,687,656,750,890,953,1000,1156,1469,1594,1750,1859,2000,2109,2203,2297,2359,2437,2469,2578,2687,2750
0,203,375,265,359,437,500,640,625,687,828,890,969,1094,1297,1437,1609,1719,1828,1937,2047,2125,2219,2344,2344,2500,2515,2594
0,203,328,235,313,407,453,578,610,703,860,938,985,1094,1282,1422,1547,1641,1797,1922,2063,2141,2203,2282,2360,2500,2469,2563
0,140,328,172,328,406,484,609,625,719,859,937,953,1062,1375,1484,1578,1719,1828,1953,2031,2125,2453,2547,2640,2781,2750,2828
0,250,422,344,406,516,578,719,734,828,969,1062,1125,1250,1469,1609,2031,2125,2437,2562,2594,2656,2766,2828,2844,3000,3016,3078
0,265,406,281,390,468,515,672,625,718,843,937,984,1109,1390,1547,1765,1859,2000,2109,2609,2734,2718,2812,2906,3047,2984,3078
0,187,312,250,281,375,453,609,531,625,719,828,844,969,1094,1234,1469,1578,1703,1812,1828,1922,2000,2078,2141,2281,2266,2344
0,141,313,282,703,828,875,1000,1047,1188,1266,1375,1391,1532,1766,1938,1969,2063,2188,2313,2360,2485,2532,2610,2688,2844,2782,2860
0,235,360,313,344,454,516,625,610,704,829,922,985,1110,1954,2110,2454,2547,2657,2766,3032,3125,3157,3235,3375,3500,3407,3485
0,234,328,266,375,469,531,641,656,734,875,969,1016,1141,1281,1406,1484,1578,1703,1813,1859,1969,2047,2109,2188,2328,2313,2391
0,219,360,282,344,453,516,625,594,688,828,907,969,1078,1297,1422,1641,1735,1860,1969,1969,2063,2157,2250,2282,2422,2438,2516
0,157,282,266,297,375,500,625,578,703,844,938,938,1078,1219,1360,1500,1610,1735,1828,1875,1969,2047,2125,2172,2328,2313,2422
0,203,360,282,328,422,828,953,1047,1141,1266,1344,1391,1500,1672,1828,1891,1985,2125,2203,2219,2313,2407,2485,2547,2688,2657,2750
0,297,469,438,438,547,594,781,719,844,1000,1110,1172,1344,1563,1719,1875,1953,2156,2297,2328,2422,2469,2563,2578,2781,2719,2797
0,187,390,281,343,453,593,718,640,750,843,937,906,1031,1172,1297,1468,1547,1672,1781,1750,1843,1937,2015,2062,2187,2187,2250
0,250,421,328,406,515,578,703,718,796,859,953,1015,1156,1218,1375,1515,1640,1734,1859,1906,2000,2062,2156,2218,2343,2343,2421
0,140,281,219,312,406,453,594,547,640,750,890,906,1015,1094,1234,1359,1484,1594,1703,1765,1875,1937,2015,2078,2187,2203,2281
0,109,219,203,1109,1172,1312,1469,1422,1516,1625,1734,1781,1906,2000,2125,2203,2266,2391,2500,2500,2609,2672,2766,2812,2906,3016,3078
0,188,282,250,328,407,516,657,641,735,844,938,953,1078,1235,1391,1422,1516,1610,1735,1797,1875,1953,2047,2110,2235,2219,2297
0,343,484,437,453,531,750,875,875,968,1140,1203,1218,1296,1656,1812,1937,2015,2390,2531,2593,2687,2765,2843,2921,3062,3015,3093
0,125,250,156,250,328,453,578,656,750,906,953,1172,1266,1578,1703,1828,1938,2063,2172,2234,2344,2406,2516,2594,2719,2719,2797
0,141,266,203,282,360,641,766,766,860,969,1047,1110,1282,1360,1500,1625,1735,1828,1953,2063,2157,2188,2282,2344,2500,2469,2532
0,141,312,250,281,359,406,531,516,609,750,812,891,1000,1375,1516,1625,1719,1859,1953,2109,2203,2234,2312,2375,2500,2516,2609
0,297,453,313,438,532,578,703,719,828,938,1032,1063,1219,1391,1532,1625,1735,1813,1938,2063,2172,2203,2282,2328,2469,2453,2563
0,234,375,344,375,438,641,813,813,891,1031,1094,1109,1250,1500,1656,1766,1844,1984,2078,2156,2266,2328,2406,2469,2594,2578,2672
0,203,375,281,328,437,515,625,593,687,812,890,937,1093,1312,1453,1531,1640,1734,1843,1875,1984,2047,2125,2172,2312,2297,2406
0,187,328,265,312,406,500,625,578,656,781,890,906,1031,1203,1343,1531,1609,1765,1875,1968,2062,2156,2203,2265,2406,2390,2468
0,234,406,375,390,500,671,765,953,1015,1171,1234,1328,1453,1671,1812,2046,2140,2265,2359,2359,2468,2531,2609,2687,2796,2765,2859
0,125,266,250,282,375,469,563,547,641,766,875,922,1047,1203,1360,1391,1500,1610,1735,1766,1875,1953,2032,2125,2266,2219,2328
0,156,313,235,297,391,485,610,610,719,844,953,1016,1156,1297,1391,1469,1578,1688,1797,1828,1922,2016,2094,2156,2281,2406,2469
0,219,360,375,563,657,766,875,891,985,1157,1250,1266,1360,1688,1828,1985,2094,2203,2313,2344,2453,2516,2578,2625,2782,2766,2844
0,172,297,266,422,485,563,657,719,782,1125,1219,1282,1422,1532,1657,1797,1938,2032,2172,2282,2391,2454,2563,2625,2766,2735,2813
0,235,375,313,360,453,516,625,610,688,844,907,969,1047,1469,1625,1953,2094,2203,2313,2328,2453,2516,2578,2641,2782,2766,2844
0,187,344,281,328,422,484,640,609,703,828,937,1031,1125,1640,1797,2281,2375,2578,2703,2844,2937,3015,3078,3125,3250,3265,3344
0,203,359,265,343,437,500,593,562,671,796,875,953,1046,1281,1421,1484,1593,1718,1828,1937,2031,2093,2234,2296,2406,2421,2484
0,172,343,265,328,422,468,593,578,672,797,906,984,1109,1250,1390,1750,1859,1968,2093,2265,2375,2437,2515,2578,2687,2687,2765
0,203,343,281,328,406,484,593,562,656,781,843,890,1031,1218,1359,1578,1687,1812,1922,2000,2109,2156,2250,2281,2437,2406,2500
0,234,390,359,1015,1109,1234,1343,1406,1484,1671,1734,1937,2046,2390,2515,2625,2718,2843,2937,3015,3109,3171,3250,3328,3484,3437,3515
0,172,328,281,344,422,609,703,641,750,953,1047,1094,1219,1406,1516,1672,1750,1875,1984,2000,2078,2203,2281,2406,2531,2484,2562
0,219,344,219,344,422,532,657,579,688,829,907,954,1079,1610,1735,1922,2016,2125,2235,2344,2422,2547,2610,2688,2797,2782,2860
0,297,438,359,438,516,594,734,672,750,891,969,1063,1172,1375,1516,1813,1922,2047,2203,2484,2594,2625,2688,2750,2844,2891,2969
0,250,391,282,375,485,532,657,641,735,844,954,985,1110,1297,1438,2172,2282,2375,2485,2579,2672,2766,2829,2891,3047,3000,3079
0,250,390,281,390,500,547,687,640,734,859,969,984,1156,1344,1484,1687,1797,1890,2015,2125,2219,2281,2359,2453,2562,2531,2609
0,203,375,266,344,437,516,625,656,781,937,1062,1094,1219,1281,1422,1672,1781,1922,2047,2094,2219,2281,2359,2422,2562,2547,2625
0,172,312,281,328,406,578,719,625,734,1531,1641,1687,1812,2062,2219,2578,2594,2766,2906,2969,3062,3125,3203,3250,3406,3375,3453
0,141,328,203,313,375,766,922,1000,1125,1235,1328,1313,1453,1641,1781,1985,2078,2172,2297,2328,2453,2500,2610,2688,2828,2797,2875
0,344,500,422,500,594,719,844,812,906,1047,1156,1266,1375,1703,1844,1891,2000,2109,2234,2375,2469,2531,2609,2672,2812,2797,2859
0,234,375,297,343,453,547,672,609,687,812,922,968,1093,1265,1422,1687,1797,1937,2047,2047,2156,2218,2281,2343,2484,2468,2547
0,250,406,375,375,469,594,687,937,1015,1344,1453,1500,1625,1703,1844,2203,2297,2547,2656,2672,2750,2828,2890,2922,3078,3062,3140
0,188,313,250,297,391,469,594,531,641,766,875,922,1016,1375,1531,1703,1781,1875,2016,2031,2141,2219,2328,2360,2531,2500,2578
0,141,297,219,282,391,672,828,797,922,1000,1125,1094,1203,1485,1641,1782,1875,2000,2094,2094,2219,2297,2375,2438,2578,2547,2625
0,172,281,203,266,359,453,578,531,625,766,859,906,1016,1203,1328,1484,1563,1750,1875,1906,2016,2078,2156,2172,2281,2328,2438
0,94,250,141,250,344,453,578,500,625,1188,1297,1375,1532,1657,1844,2703,2844,3157,3313,3438,3563,3578,3672,3750,3907,3828,3922
0,125,266,156,234,328,469,594,469,562,719,844,859,1000,1281,1422,1703,1828,1937,2109,2406,2500,2516,2609,2672,2828,2781,2875
0,125,297,203,281,375,453,578,547,625,750,875,890,1015,1359,1484,1843,1968,2515,2640,2703,2812,2843,2937,2984,3172,3125,3187
0,204,360,266,375,469,657,813,797,891,1407,1500,1579,1688,1797,1922,2141,2266,2391,2516,2547,2641,2704,2797,2844,3000,2969,3047
0,157,266,250,563,641,750,844,1250,1344,1438,1563,1563,1719,1844,1969,2188,2266,2391,2500,2813,2922,2938,3016,3110,3235,3203,3297
0,250,406,344,375,500,578,703,719,828,969,1047,1125,1219,1500,1641,1875,1953,2094,2234,2250,2344,2453,2531,2578,2703,2719,2813
0,250,407,313,391,469,610,735,704,829,875,1000,1047,1204,1313,1469,1735,1829,1922,2047,2032,2125,2188,2266,2313,2485,2422,2532
0,172,313,235,329,422,485,610,547,641,766,875,907,1032,1391,1532,1547,1657,1750,1860,1891,1969,2047,2157,2219,2360,2375,2438
0,188,328,297,313,422,485,641,563,657,797,891,953,1047,1594,1735,1844,1953,2047,2157,2266,2375,2438,2532,2594,2735,2703,2782
0,219,344,282,328,438,516,641,594,719,766,891,907,1047,1188,1328,1578,1688,1782,1907,1907,2016,2125,2188,2219,2360,2375,2453
0,219,375,282,375,453,563,672,641,766,860,969,985,1094,1657,1828,2360,2453,2563,2703,2828,2938,2985,3063,3110,3266,3235,3313
0,156,296,234,281,375,453,562,531,640,781,890,906,1031,1234,1343,1500,1609,1734,1828,1812,1906,2000,2078,2109,2265,2250,2343
0,171,296,250,343,406,484,609,671,750,875,953,1015,1109,1406,1546,1750,1859,1984,2078,2140,2234,2328,2390,2437,2578,2578,2656
0,250,391,344,375,469,547,657,641,735,860,985,969,1110,1422,1579,1625,1750,1813,1922,1969,2063,2110,2219,2266,2407,2375,2454
0,204,360,266,313,391,579,688,704,782,922,985,1000,1125,1516,1657,1704,1797,1891,2000,1969,2094,2157,2250,2282,2422,2407,2485
0,171,312,265,281,375,468,593,578,671,781,906,859,1031,1187,1343,1500,1609,1734,1828,1828,1937,1984,2062,2140,2265,2234,2343
0,141,282,188,266,360,422,547,532,641,750,844,891,1047,1157,1297,1422,1516,1641,1766,1797,1891,2000,2047,2188,2375,2360,2469
0,218,375,234,359,453,609,781,625,734,1015,1109,1343,1453,1640,1796,2000,2093,2234,2328,2343,2421,2500,2609,2718,2843,2796,2890
0,156,297,219,281,375,500,625,562,656,828,953,984,1094,1422,1562,2078,2187,2453,2594,2641,2734,2812,2906,2953,3078,3062,3156
0,171,312,218,296,390,453,593,562,656,796,875,921,1015,1265,1375,1453,1562,1656,1734,1750,1843,1890,2000,2062,2203,2171,2265
0,172,359,297,344,453,500,703,1062,1156,1484,1578,1547,1719,1812,1937,2203,2297,2437,2547,2594,2672,2719,2812,2859,3000,2984,3062
0,110,250,156,235,313,453,578,578,656,781,860,891,1000,1172,1344,1438,1563,1672,1781,1860,1953,2016,2078,2188,2313,2313,2391
0,218,375,281,640,718,1234,1359,1343,1437,1656,1765,1875,2015,2547,2672,2672,2765,3015,3093,3109,3218,3234,3328,3375,3500,3484,3562
0,125,250,172,265,344,484,625,609,687,844,922,1031,1094,1328,1437,1594,1687,1828,1922,1937,2031,2125,2203,2297,2406,2406,2484
0,234,406,312,375,484,562,687,672,750,891,984,1047,1156,1547,1656,1750,1859,1953,2062,2062,2172,2234,2328,2391,2562,2531,2594
0,172,329,219,313,407,485,610,625,719,891,1000,1032,1172,1313,1454,1579,1688,1797,1907,1922,2032,2094,2157,2235,2375,2344,2422
0,172,312,250,328,406,562,672,656,750,1375,1437,1484,1578,1922,2078,2156,2234,2391,2469,2484,2562,2641,2719,2750,2906,2906,2984
0,141,281,234,344,406,500,609,672,797,922,1016,1047,1203,1438,1578,1703,1813,1922,2031,2031,2125,2203,2281,2328,2469,2484,2547
0,125,282,219,282,375,422,563,578,657,782,860,907,1032,1219,1375,1485,1594,1688,1813,1922,2016,2110,2172,2250,2375,2375,2438
0,172,297,219,281,391,438,610,547,625,766,891,922,1047,1235,1375,1641,1750,1906,2031,2047,2141,2219,2344,2391,2531,2547,2672
0,204,329,250,329,422,500,641,579,672,797,954,954,1079,1516,1657,1750,1860,1954,2047,2063,2172,2235,2313,2360,2516,2500,2579
0,187,343,265,297,375,437,609,547,625,765,859,875,1000,1265,1422,1656,1797,1984,2109,2078,2172,2265,2343,2390,2547,2515,2609
0,203,359,328,375,453,516,672,609,703,828,938,953,1078,1250,1375,1453,1578,1641,1766,1781,1906,1969,2031,2109,2281,2250,2328
0,125,312,265,296,390,453,593,546,640,765,875,906,1046,1312,1468,2125,2250,2359,2468,2468,2578,2656,2718,2750,2890,2890,2968
0,141,297,219,266,359,438,578,531,625,750,859,875,1016,1453,1625,1672,1797,1891,2016,2078,2188,2297,2391,2438,2609,2578,2672
0,234,390,312,437,500,718,843,922,984,1140,1187,1328,1437,1672,1797,1922,2031,2187,2281,2312,2390,2484,2547,2640,2765,2750,2812
0,250,359,375,515,593,859,1047,1890,1968,2062,2156,2156,2312,2406,2531,2625,2718,2828,2906,2906,3000,3078,3140,3218,3343,3312,3406
0,485,625,563,641,735,829,922,1422,1485,1625,1704,1750,1875,2047,2172,2266,2344,2454,2547,2563,2657,2750,2829,2907,3047,3016,3094
0,218,359,296,421,484,796,859,953,1015,1171,1234,1328,1390,1687,1796,1921,2031,2125,2218,2234,2343,2437,2500,2593,2750,2703,2812
0,407,547,469,563,641,735,844,922,1032,1782,1875,1938,2032,2422,2547,2594,2704,2813,2938,2922,3016,3079,3172,3204,3329,3344,3422
0,141,297,219,297,359,516,641,672,766,1016,1109,1156,1250,1547,1688,1828,1922,2031,2141,2172,2266,2328,2422,2469,2625,2609,2672
0,140,296,203,312,375,437,578,640,718,875,968,1031,1140,1421,1546,1640,1750,1875,1968,2015,2093,2171,2281,2359,2500,2484,2562
0,125,266,204,266,344,547,672,704,797,954,1047,1094,1219,1329,1454,1547,1657,1782,1875,1969,2079,2157,2250,2329,2469,2454,2547
0,109,250,156,265,343,453,578,593,687,828,922,968,1093,1234,1343,1468,1578,1859,1968,2015,2140,2172,2250,2297,2468,2453,2547
0,109,250,187,234,359,453,593,578,687,828,937,968,1078,1156,1312,1578,1687,1812,1937,2000,2093,2171,2250,2343,2500,2484,2546
0,203,312,281,328,422,500,625,672,781,906,1031,1062,1219,1375,1515,1625,1734,1828,1937,1953,2062,2140,2219,2375,2515,2531,2625
0,141,313,219,297,375,485,625,594,688,829,938,969,1110,1344,1500,1594,1704,1829,1922,1969,2063,2125,2219,2297,2469,2422,2532
0,218,328,265,375,421,828,968,984,1078,1218,1328,1375,1531,1656,1796,1968,2078,2187,2296,2328,2437,2468,2578,2765,2921,2781,2875
0,219,328,266,328,438,578,703,625,750,1000,1110,1157,1250,1407,1563,1860,1953,2063,2188,2219,2313,2360,2469,2563,2719,2657,2750
0,140,281,218,281,359,437,562,531,609,734,828,906,1031,1156,1281,1375,1484,1547,1672,1718,1843,1890,1968,2062,2187,2343,2422
0,141,281,203,281,375,453,562,578,703,828,922,969,1094,1250,1406,1594,1703,1828,1937,1984,2062,2187,2250,2359,2500,2453,2531
0,141,250,203,312,406,734,828,750,781,1203,1297,1406,1531,2203,2328,2359,2469,2594,2719,2703,2781,2922,3016,3031,3141,3172,3250
0,125,234,156,250,328,422,531,547,625,750,843,890,1000,1250,1406,1687,1797,1968,2078,2140,2203,2281,2343,2437,2578,3234,3328
0,203,328,219,344,437,500,625,609,687,859,922,1062,1141,1453,1578,1719,1828,1937,2031,2047,2156,2234,2312,2391,2531,2516,2594
0,203,328,265,344,437,515,672,656,750,890,953,1156,1281,1453,1609,1859,1969,2094,2203,2250,2344,2390,2484,2562,2719,2672,2750
0,140,296,203,281,359,656,781,671,734,953,1078,1109,1218,1562,1703,1859,1953,2046,2140,2437,2562,2625,2703,2796,2968,2953,3046
0,250,406,312,390,500,547,734,687,797,937,1031,1672,1797,1906,2062,2359,2437,2547,2640,2656,2750,2828,2922,3000,3140,3093,3172
0,297,406,312,422,516,594,719,672,766,906,1000,1062,1172,1375,1500,1641,1734,1875,2000,2094,2203,2328,2406,2500,2641,2594,2656
0,125,281,140,250,375,453,609,578,671,796,906,921,1078,1312,1437,1468,1593,1703,1812,1859,1937,2015,2109,2328,2437,2390,2468
0,172,328,250,344,453,813,922,938,1032,1203,1313,1328,1453,1782,1891,2000,2110,2203,2313,2344,2438,2516,2594,2657,2797,2813,2891
0,110,266,172,297,422,578,688,703,797,953,1047,1078,1172,1516,1641,2063,2188,2313,2438,2500,2610,2656,2735,2766,2922,2922,3000
0,78,265,171,250,359,593,718,671,781,906,1015,1046,1203,1375,1484,1562,1687,1765,1859,1875,1984,2031,2109,2218,2375,2343,2421
0,141,282,188,344,438,516,641,657,750,891,1016,1047,1172,1250,1391,1485,1579,1750,1860,1922,2032,2079,2157,2219,2344,2375,2454
0,313,407,360,532,641,719,891,860,969,1110,1204,1250,1391,1719,1875,1938,2063,2188,2282,2375,2469,2516,2641,2688,2829,2797,2891
0,203,359,250,343,437,531,703,578,687,828,921,953,1109,1437,1593,1640,1750,1828,1984,2062,2156,2234,2312,2375,2515,2500,2578
0,141,297,250,281,375,437,625,547,641,797,891,922,1062,1328,1484,1766,1891,2250,2359,2406,2531,2578,2687,2828,3031,2922,3016
0,281,468,390,437,546,593,750,750,859,984,1109,1140,1281,1546,1687,1843,1953,2125,2250,2281,2390,2468,2546,2609,2718,2796,2859
0,218,343,296,343,453,500,640,609,703,843,968,984,1093,1375,1500,2062,2187,2296,2421,2437,2531,2593,2687,2734,2906,2859,2953
0,125,281,218,265,359,468,625,515,593,734,843,875,1000,1140,1265,1515,1625,1734,1859,2015,2140,2156,2234,2281,2437,2422,2484
0,109,265,203,218,328,422,562,500,609,797,922,937,1078,1265,1390,1500,1593,1718,1828,1890,2015,2062,2172,2234,2406,2359,2453
0,78,250,187,250,375,406,562,547,703,1109,1203,1219,1375,1640,1765,1844,1953,2078,2187,2234,2344,2390,2484,2547,2703,2687,2765
0,390,562,515,719,812,1297,1453,1890,1969,2109,2172,2234,2344,2547,2687,2765,2859,2953,3062,3172,3250,3328,3390,3469,3578,3594,3672
0,203,344,219,359,469,563,672,1297,1375,1484,1563,1609,1734,1969,2094,2391,2453,2578,2688,2703,2781,2844,2953,3016,3156,3125,3219
0,47,219,156,203,297,360,500,469,578,703,766,813,891,1563,1703,1844,1953,2047,2172,2266,2391,2469,2547,2610,2797,2766,2860
0,156,328,187,312,422,469,625,578,672,797,891,922,1031,1328,1469,1734,1875,1953,2078,2156,2250,2312,2406,2469,2641,2625,2703
0,203,359,297,344,437,531,672,609,703,875,984,1047,1172,1765,1922,2015,2125,2219,2359,2453,2562,2640,2719,2765,2937,2890,2984
0,203,359,265,343,437,515,640,593,703,875,921,1250,1375,1453,1593,1734,1828,1968,2140,2500,2625,2671,2781,2875,3015,2984,3062
0,235,360,313,407,485,579,672,688,782,922,1016,1079,1219,1360,1500,1579,1672,1797,1907,1969,2079,2141,2235,2297,2438,2422,2500
0,265,390,406,594,703,781,906,953,1031,2047,2125,2140,2265,2375,2500,2531,2640,2734,2828,2844,2922,3031,3109,3172,3297,3297,3375
0,281,422,391,438,547,656,781,750,828,1016,1110,1250,1344,1797,1953,2188,2297,2406,2516,2594,2688,2750,2828,2906,3047,3000,3094
0,265,390,359,406,500,593,718,656,765,890,984,1093,1172,1468,1593,1828,1968,2031,2187,2312,2422,2468,2562,2593,2734,2734,2797
0,203,360,328,328,453,516,641,985,1063,1157,1282,1297,1438,1735,1891,2000,2110,2188,2313,2328,2422,2485,2594,2688,2828,2782,2875
0,266,391,281,406,516,594,734,672,797,953,1078,1125,1266,1563,1719,1766,1859,1938,2078,2094,2188,2250,2313,2406,2547,2531,2609
0,203,328,265,359,422,547,672,687,765,890,1031,1062,1172,1297,1437,1594,1734,1812,1922,1906,2015,2078,2172,2250,2406,2328,2437
0,187,344,265,328,422,562,687,703,797,922,1015,1062,1187,1390,1547,1640,1750,1859,1969,1984,2078,2156,2234,2312,2437,2422,2500
0,125,250,234,234,344,437,562,531,625,765,890,906,1015,1312,1422,1531,1640,1719,1859,1859,1969,2047,2140,2250,2390,2328,2422
0,188,313,250,328,422,532,688,657,750,907,1016,1063,1172,1453,1594,1657,1750,1891,2016,2063,2172,2235,2360,2453,2594,2610,2703
0,172,328,250,313,422,453,594,578,688,813,922,953,1078,1234,1391,1422,1531,1625,1734,1750,1875,1922,2000,2063,2219,2188,2266
0,219,390,375,609,687,765,890,984,1062,1172,1265,1328,1406,1609,1750,1906,2000,2109,2219,2203,2297,2375,2469,2531,2703,2640,2734
0,141,312,203,297,391,500,609,594,687,844,922,1031,1109,1500,1641,2641,2750,2844,2953,2969,3062,3141,3234,3297,3437,3406,3500
0,343,500,437,484,578,640,781,734,812,953,1046,1125,1218,1390,1531,1687,1796,1890,2015,1984,2093,2187,2265,2328,2468,2437,2531
0,188,328,235,313,406,547,672,563,656,797,922,969,1078,2078,2203,2188,2281,2360,2485,2781,2875,2953,3063,3250,3360,3422,3516
0,188,344,282,329,422,485,625,594,672,797,891,922,1079,1391,1532,1563,1688,1750,1875,1969,2063,2125,2204,2266,2407,2391,2485
0,171,359,265,343,406,500,656,593,703,890,1046,1078,1218,1375,1531,1750,1890,2015,2140,2234,2343,2390,2484,2500,2671,2687,2765
0,171,328,312,343,437,531,671,609,703,843,937,984,1109,1437,1578,1687,1796,1890,2000,2046,2140,2218,2296,2359,2531,2500,2593
0,109,265,218,265,359,1015,1140,1203,1312,1390,1531,1531,1656,1797,1922,2000,2109,2187,2312,2359,2468,2593,2672,2750,2890,2875,2984
0,579,672,657,735,829,907,1032,985,1094,1235,1282,1344,1438,1813,1969,2110,2188,2344,2469,2516,2625,2657,2750,2797,2938,2922,3000
0,172,312,265,328,406,515,656,672,750,890,1000,1015,1140,1328,1500,1625,1734,1828,1953,1969,2062,2125,2203,2281,2422,2406,2484
0,188,328,266,344,453,547,656,625,719,860,953,1031,1188,1313,1438,1531,1656,1781,1891,1906,2000,2110,2188,2281,2469,2391,2485
0,203,344,297,375,485,578,688,688,766,906,985,1016,1156,1516,1656,1703,1828,1906,2031,2031,2141,2203,2281,2360,2500,2485,2578
0,141,266,188,250,344,438,578,563,641,750,828,844,969,1156,1281,1313,1422,1500,1609,1641,1734,1797,1859,1938,2078,2063,2156
0,172,282,297,688,750,891,1000,1094,1188,1344,1407,1485,1594,1813,1969,2078,2172,2282,2360,2375,2453,2547,2625,2672,2782,2813,2875
0,266,359,297,406,484,562,672,656,734,859,937,984,1109,1594,1750,2187,2312,2469,2578,2641,2734,2844,2922,2937,3109,3094,3187
0,422,562,484,578,672,734,890,828,922,1047,1125,1156,1265,1437,1578,1765,1859,1937,2094,2203,2297,2359,2453,2500,2640,2656,2734
0,250,406,344,375,469,531,703,610,703,828,891,938,1063,1235,1391,1750,1860,2000,2156,2375,2469,2500,2578,2625,2813,2750,2860
0,203,343,297,328,406,500,625,547,656,906,1078,1172,1343,1422,1593,2078,2234,2343,2468,2500,2609,2625,2703,2750,2922,2875,2953
0,125,235,219,219,313,438,578,469,563,703,797,828,985,1313,1453,1500,1625,1703,1828,1891,1985,2047,2156,2203,2360,2344,2422
0,172,328,265,297,375,500,656,1297,1406,1453,1594,1562,1734,2234,2390,2437,2531,2640,2765,2765,2859,2922,3015,3094,3250,3172,3265
0,265,422,312,406,500,578,719,656,750,906,1015,1094,1234,1500,1640,1750,1890,1984,2109,2125,2234,2312,2390,2437,2594,2562,2672
0,266,422,359,391,500,563,734,656,766,906,1000,1063,1172,1688,1859,1969,2063,2219,2328,2344,2438,2531,2625,2672,2828,2797,2875
0,156,313,266,313,406,500,625,563,672,828,906,969,1078,1500,1672,1906,2016,2156,2234,2250,2359,2438,2500,2563,2688,2734,2828
0,203,328,296,375,468,546,687,656,765,890,984,1046,1171,1468,1593,1625,1734,1859,1968,1953,2046,2140,2218,2265,2406,2406,2500
0,219,328,282,328,422,563,703,625,766,953,1063,1141,1282,1782,1907,2594,2703,2828,2922,2891,3000,3078,3157,3188,3344,3328,3422
0,250,391,312,406,516,578,734,656,766,1047,1156,1203,1328,1844,1969,2000,2125,2172,2281,2297,2391,2484,2562,2594,2750,2766,2844
0,187,312,250,531,625,797,906,969,1062,1250,1312,1406,1484,2031,2172,2265,2375,2437,2531,2547,2640,2734,2812,2875,3015,2984,3062
0,250,390,328,375,453,578,687,703,734,921,1031,1078,1156,1500,1625,1703,1796,1906,2031,2078,2156,2265,2343,2437,2593,2546,2640
0,234,359,281,391,500,578,703,1703,1766,1906,1969,2016,2141,2281,2391,2469,2563,2641,2734,2766,2844,3000,3078,3203,3328,3422,3531
